,IAS,Area,Location,Original Size,QSS,SSIM
0,0.0,0.0,0.0,1.0,0.2660472555485725,0.930754124944448
1,0.0,1.0,0.0,1.0,0.0,0.60653405382234
2,0.0,1.0,0.0,1.0,0.3956428199859241,0.9379004336353434
3,1.0,1.0,0.0,1.0,0.3804841363434148,0.9317698420850185
4,1.0,1.0,1.0,1.0,0.5861332175247564,0.9414622440703188
5,1.0,1.0,1.0,1.0,0.0,0.6180668715065433
6,1.0,1.0,1.0,1.0,0.318758599422566,0.9380527512805544
7,1.0,1.0,1.0,1.0,0.38850216168827767,0.9370903345285748
