,IAS,Area,Location,Original Size,QSS,SSIM
0,1.0,1.0,1.0,1.0,0.9106968772057794,0.9963301968280724
1,0.0,0.0,0.0,1.0,0.8002803026017679,0.9884892095570768
2,0.0,1.0,0.0,1.0,0.1741930437503259,0.9870007986613776
3,1.0,1.0,0.0,1.0,0.7967058335068914,0.9921211828515436
4,1.0,1.0,1.0,1.0,0.2708236114146647,0.9948855238813531
