,IAS,Area,Location,Original Size,QSS,SSIM
0,0.0,0.0,0.0,1.0,0.3312690294346046,0.9356606767671916
1,0.0,1.0,0.0,1.0,0.3269301232287606,0.932605812346338
2,1.0,1.0,0.0,1.0,0.3312690294346046,0.9377901247571688
3,1.0,1.0,1.0,1.0,0.3966687043146148,0.976201076215952
